Subreddit,Responses,Grouping,Subscribers,Notes,77,Discussion,"""General"" discussion"
cringe,895,emotive,1343888,,63,Emotive,Aimed to evoke specific emotion
loveafterlockup,870,television movie,76887,,36,Television Movie,Relating to TV or movie
socialanxiety,861,discussion,373806,,49,Games,Relating to games
AnimalsBeingBros,827,emotive,6593398,,17,Relationship,Relating to rom./ pla. relationship
OkCupid,817,relationship,244307,,64,Sports,Relating to sports
TheSimpsons,815,television movie,511405,,63,Identity,Relating to a specific identity
vanderpumprules,810,television movie,146922,,46,Regional,Relating to a specific region
90DayFiance,798,television movie,378096,,15,Digital Media,General digital media content
confessions,792,discussion,1054209,,41,Politics,Relating to political subject
90dayfianceuncensored,789,television movie,256428,,,,
nonononoyes,788,emotive,3940327,,,,
danganronpa,787,games,313671,,,,
timberwolves,786,sports,130502,,,,
datingoverthirty,783,relationship,1069301,,,,
TeenMomOGandTeenMom2,783,television movie,157250,,,,
exmormon,777,identity,271680,,,,
entitledparents,777,discussion,2022678,,,,
wholesomememes,773,emotive,13668285,,,,
traaaaaaannnnnnnnnns,769,identity,384934,"memes, trans perspective",,,
AnimalsBeingJerks,761,emotive,6060543,,,,
confession,760,discussion,5681645,,,,
gaybros,759,identity,81019,"experiences, gay men perspective",,,
rpdrcringe,749,television movie,54146,cringe moments from RuPaul's ,,,
minnesotavikings,742,sports,193809,,,,
CollegeBasketball,740,sports,2182736,,,,
TalesFromYourServer,738,identity,531107,"experience, service industry focus",,,
devils,731,sports,46717,,,,
2meirl4meirl,731,emotive,1440471,"memes, general relatable",,,
LGBTeens,723,identity,168248,,,,
gatekeeping,723,discussion,837725,,,,
Divorce,721,relationship,105722,,,,
justneckbeardthings,720,emotive,923646,,,,
TrollXChromosomes,718,identity,830960,"meme's, woman's perspective",,,
TooAfraidToAsk,716,discussion,1774444,,,,
yesyesyesyesno,713,emotive,2963549,,,,
barstoolsports,712,sports,196831,"discussion, barstool blog / podcast focus",,,
thatHappened,708,emotive,1513980,,,,
antiMLM,707,discussion,803678,MLM = Multi-level marketing,,,
awfuleverything,707,emotive,1443351?,,,,
DoesAnybodyElse,706,discussion,2658712,,,,
My600lbLife,704,television movie,109008,,,,
self,703,discussion,1240679,general discussion ,,,
videos,702,digital media,26685187,default subreddit,,,
DetroitPistons,701,sports,116908?,,,,
OrlandoMagic,700,sports,106267,,,,
raimimemes,699,digital media,465415,"memes, focused on Sam Raimi",,,
ChoosingBeggars,698,emotive,2426363,,,,
4PanelCringe,695,emotive,484358,,,,
NYGiants,695,sports,135040,,,,
NYYankees,694,sports,242247,,,,
Blackops4,693,games,272965,,,,
AskWomen,693,identity,5272158,,,,
DiWHY,691,emotive,3241222,,,,
youseeingthisshit,687,emotive,2448419,,,,
sadcringe,687,emotive,1295289,,,,
terriblefacebookmemes,686,emotive,2237185,,,,
cringepics,686,emotive,1518400,,,,
Mavericks,685,sports,190253,,,,
tifu,685,discussion,18327719,default subreddit,,,
The_Mueller,683,politics,146317,,,,
EdmontonOilers,680,sports,66015,,,,
gay_irl,678,identity,195894,,,,
Jokes,676,discussion,25792312,default subreddit,,,
rant,675,discussion,273892?,,,,
SuicideWatch,675,discussion,416995,,,,
teenagers,674,identity,2926103,,,,
instant_regret,674,emotive,4462817,,,,
Whatcouldgowrong,671,emotive,7383977,,,,
TrueOffMyChest,668,discussion,2014256,,,,
nononono,667,emotive,894004,,,,
Advice,667,discussion,809470,,,,
Overwatch,663,games,4378867,,,,
holdmycosmo,662,emotive,1781005?,,,,
MaliciousCompliance,662,emotive,3598471,,,,
freefolk,659,television movie,1214711,Game of Thrones,,,
GreenBayPackers,657,sports,299763,,,,
Gunners,657,sports,307662,,,,
UpliftingNews,656,discussion,19000385,default subreddit,,,
Tinder,654,relationship,5776617,,,,
TheWalkingDeadGame,653,games,73334,Telltale Games Version,,,
lewronggeneration,653,emotive,300720,,,,
KidsAreFuckingStupid,653,emotive,4141353,,,,
CFB,652,sports,1912958,,,,
arrow,649,television movie,119291,,,,
ForeverAlone,649,identity,179581,incel? Unsure,,,
vaxxhappened,649,discussion,365224,,,,
IncelTears,648,NaN,NaN,Subreddit shut down,,,
Marriage,646,relationship,651438,,,,
greysanatomy,645,television movie,198769,,,,
askwomenadvice,644,identity,"289,908?",,,,
forwardsfromgrandma,640,emotive,378697,against boomer humor,,,
49ers,640,sports,269738,,,,
fatlogic,640,emotive,381492,,,,
Dodgers,639,sports,145998,,,,
ProtectAndServe,638,discussion,258026,against law enforcement,,,
Wellthatsucks,638,emotive,,,,,
steelers,637,sports,230243,,,,
AskMen,634,identity,,,,,
Roadcam,634,emotive,,,,,
depression,633,discussion,,,,,
childfree,631,identity,,,,,
morbidquestions,628,discussion,,,,,
reactiongifs,628,digital media,,,,,
DunderMifflin,627,television movie,,the office,,,
VoteBlue,626,politics,,pro-democrat,,,
nba,626,politics,,,,,
exchristian,626,identity,,,,,
chicagobulls,626,sports,,,,,
DenverBroncos,622,sports,,,,,
deadbydaylight,622,games,,,,,
torontoraptors,618,sports,,,,,
relationship_advice,616,relationship,,,,,
WeWantPlates,612,emotive,,serving food without plates,,,
ENLIGHTENEDCENTRISM,612,politics,,,,,
forhonor,611,games,,,,,
MensRights,610,politics,,,,,
NewYorkMets,609,sports,,,,,
Documentaries,609,digital media,,,,,
nyjets,608,sports,,,,,
unpopularopinion,608,discussion,,,,,
Artifact,608,games,,,,,
Anarcho_Capitalism,607,politics,,,,,
houston,607,regional,,,,,
dating,605,relationship,,,,,
DeadBedrooms,603,relationship,,,,,
ShitPoliticsSays,602,politics,,,,,
chelseafc,601,sports,,,,,
LifeProTips,600,discussion,,,,,
ComedyCemetery,599,emotive,,,,,
detroitlions,598,sports,,,,,
Scotland,596,regional,,,,,
TIHI,594,emotive,,,,,
SubredditSimulator,593,discussion,,,,,
breakingmom,593,identity,,"subreddit, mom focused discussion",,,
INTP,591,identity,,identity,,,
Christianity,590,identity,,,,,
badunitedkingdom,587,regional,,,,,
intj,586,identity,,identity,,,
CoDCompetitive,584,games,,,,,
SelfAwarewolves,583,emotive,,,,,
JordanPeterson,582,politics,,right wing celebrity,,,
Judaism,580,identity,,,,,
atheism,578,identity,,,,,
JUSTNOMIL,577,discussion,,mil = mother-in-law,,,
WatchPeopleDieInside,576,emotive,,,,,
IncelsWithoutHate,576,NaN,,"Banned, ""promoting hate""",,,
ScottishFootball,576,sports,,,,,
NYKnicks,575,sports,,,,,
onguardforthee,575,politics,,"politics, canadian",,,
MurderedByWords,573,discussion,,"burns, often politics",,,
TalesFromRetail,573,identity,,"experience, retail service",,,
Conservative,571,politics,,,,,
sydney,571,regional,,,,,
insanepeoplefacebook,570,emotive,,,,,
Anarchism,567,politics,,,,,
liberalgunowners,567,politics,,,,,
PoliticalHumor,566,politics,,,,,
heroesofthestorm,566,games,,,,,
politics,566,politics,,default subreddit,,,
AdviceAnimals,564,emotive,,,,,
AskMenOver30,562,identity,,,,,
politics,561,politics,,,,,
SubredditDrama,559,discussion,,"drama, meta subreddit",,,
EDAnonymous,558,identity,,"ED = eating disorder, ""gated""",,,
ireland,556,regional,,,,,
saltierthancrait,556,television movie,,,,,
iamverysmart,553,emotive,,,,,
TopMindsOfReddit,552,discussion,,ridiculing other reddit users,,,
texas,549,regional,,,,,
sabres,547,sports,,,,,
SeattleWA,545,regional,,,,,
news,545,discussion,,default subreddit,,,
Connecticut,544,regional,,,,,
northernireland,544,regional,,,,,
ukpolitics,543,politics,,,,,
unitedkingdom,542,regional,,,,,
BPD,542,identity,,,,,
chicago,540,regional,,,,,
HadToHurt,538,emotive,,,,,
bestoflegaladvice,534,discussion,,"discussion, meta subreddit",,,
Libertarian,533,politics,,,,,
Catholicism,525,identity,,,,,
syriancivilwar,523,politics,,"uploads raw combat footage from syrian civil war, digital media?",,,
exmuslim,523,identity,,,,,
KotakuInAction,522,discussion,,,,,
WhitePeopleTwitter,522,discussion,,somewhat political,,,
Shitstatistssay,520,politics,,against Statism,,,
BreadTube,516,digital media,,well produced YT videos,,,
MakingaMurderer,513,television movie,,,,,
China,513,regional,,,,,
seduction,512,relationship,,,,,
IDontWorkHereLady,512,discussion,,,,,
gay,512,identity,,,,,
pettyrevenge,510,discussion,,,,,
dating_advice,510,relationship,,,,,
entertainment,508,discussion,,,,,
btc,507,finance,,,,,
canada,505,regional,,,,,
raisedbynarcissists,504,identity,,,,,
antinatalism,504,discussion,,against natalism/ childbirth?,,,
BPDlovedones,501,identity,,for BPD family memrs,,,
southafrica,499,regional,,,,,
GenderCritical,496,NaN,NaN,"Banned, ""hate speech""",,,
progun,493,politics,,,,,
TrueReddit,493,discussion,,high quality article & discussion,,,
NarcissisticAbuse,491,discussion,,,,,
worldpolitics,490,politics,,,,,
polyamory,476,relationship,,,,,
islam,475,identity,,,,,
bestof,475,discussion,,"discussion, meta subreddit",,,
conspiracy,472,politics,,QANON-lite,,,
ontario,469,regional,,,,,
facepalm,468,emotive,,,,,
offmychest,463,discussion,,,,,
aspergers,459,identity,,,,,
leafs,456,sports,,,,,
PurplePillDebate,455,politics,,discussion focused,,,
doordash,454,identity,,occupational?,,,
Blackfellas,445,discussion,,private sub for black community,,,
starwarsspeculation,444,television movie,,,,,
lostgeneration,440,politics,,politics,,,
Teachers,438,identity,,occupational,,,
QuadrigaCX,438,finance,,,,,
WayOfTheBern,432,politics,,,,,
Enough_Sanders_Spam,432,politics,,,,,
socialism,425,politics,,,,,
LetsNotMeet,422,discussion,,personal stories of meeting others,,,
CapitalismVSocialism,422,politics,,,,,
samharris,421,politics,,,,,
TwoSentenceHorror,421,emotive,,,,,
CompetitiveForHonor,415,games,,,,,
brexit,414,politics,,,,,
Games,414,games,,,,,
Trufemcels,413,politics,,,,,
wildhockey,408,sports,,,,,
JUSTNOFAMILY,403,discussion,,,,,
nrl,398,sports,,,,,
TwoXChromosomes,398,discussion,,,,,
drunk,396,discussion,,,,,
newzealand,395,regional,,,,,
AskALiberal,395,politics,,,,,
ABCDesis,391,identity,,,,,
alberta,384,regional,,,,,
FunnyandSad,384,emotive,,,,,
bodybuilding,384,discussion,,,,,
legaladvice,383,discussion,,,,,
youtube,381,digital media,,,,,
LabourUK,381,politics,,,,,
MorbidReality,376,emotive,,,,,
ProRevenge,376,discussion,,,,,
AskThe_Donald,375,politics,,,,,
gamegrumps,375,games,,,,,
DebateAnAtheist,375,identity,,,,,
OutOfTheLoop,370,discussion,,,,,
rupaulsdragrace,367,television movie,,,,,
Parenting,367,identity,,,,,
AskFeminists,366,identity,,,,,
survivinginfidelity,365,relationship,,,,,
NoFap,365,discussion,,,,,
medicine,364,identity,,Tales from your healthcare provider?,,,
mentalhealth,364,discussion,,,,,
tennis,361,sports,,,,,
DanLeBatardShow,356,television movie,,,,,
philosophy,356,discussion,,,,,
science,355,discussion,,default subreddit,,,
relationships,355,relationship,,,,,
AtlantaHawks,354,sports,,,,,
furry_irl,354,identity,,,,,
environment,350,discussion,,,,,
rpghorrorstories,337,discussion,,,,,
Persona5,336,games,,,,,
SpoiledDragRace,335,television movie,,,,,
PandR,334,television movie,,,,,
bipolar,334,identity,,,,,
sports,332,sports,,,,,
popping,330,digital media,,,,,
Browns,330,sports,,,,,
moderatepolitics,329,politics,,,,,
oldpeoplefacebook,329,emotive,,,,,
changemyview,327,discussion,,,,,
lgbt,327,identity,,,,,
BeautyGuruChatter,324,identity,,,,,
GetMotivated,320,emotive,,default subreddit,,,
hockey,320,sports,,,,,
SweatyPalms,320,emotive,,,,,
goldenknights,319,sports,,,,,
BravoRealHousewives,318,television movie,,,,,
dadjokes,317,discussion,,,,,
NetflixBestOf,317,television movie,,,,,
BigBrother,315,television movie,,,,,
ExpectationVsReality,315,emotive,,,,,
realmadrid,315,sports,,,,,
reddeadredemption2,315,games,,,,,
MkeBucks,314,sports,,,,,
livepd,313,television movie,,,,,
adultery,313,relationship,,,,,
FellowKids,312,emotive,,,,,
shittyfoodporn,310,digital media,,,,,
Battlefield,308,games,,,,,
denvernuggets,307,sports,,,,,
holdmybeer,307,emotive,,,,,
dxm,307,discussion,,,,,
JustNoSO,306,relationship,,,,,
StLouis,305,regional,,,,,
starbucks,304,identity,,,,,
NewYorkIslanders,303,sports,,,,,
popheads,298,identity,,,,,
truegaming,297,games,,,,,
vegan,297,identity,,,,,
london,296,regional,,,,,
ripcity,295,sports,,,,,
Boxing,294,sports,,,,,
Seaofthieves,294,games,,,,,
trees,292,drugs,,,,,
asoiaf,292,television movie,,,,,
assassinscreed,292,games,,,,,
canucks,290,sports,,,,,
KitchenConfidential,289,identity,,"subreddits for line cooks, experience",,,
WhyWereTheyFilming,289,emotive,,,,,
SaltLakeCity,289,regional,,,,,
blogsnark,288,discussion,,,,,
newjersey,288,regional,,,,,
Austin,287,regional,,,,,
rickandmorty,287,television movie,,,,,
IASIP,286,television movie,,,,,
Target,286,identity,,,,,
IdiotsInCars,286,emotive,,,,,
BattlefieldV,285,games,,,,,
washingtondc,285,regional,,,,,
MMORPG,284,games,,,,,
SoulCalibur,284,games,,,,,
MLS,284,sports,,,,,
SquaredCircle,284,sports,,wrestling,,,
juul,284,discussion,,,,,
Military,283,identity,,,,,
funny,283,discussion,48799911,default subreddit,,,
FortniteCompetitive,282,games,,,,,
pittsburgh,282,regional,,,,,
RedLetterMedia,282,television movie,,,,,
todayilearned,282,discussion,31377397,default subreddit,,,
GifRecipes,282,digital media,,,,,
Cardinals,281,sports,,,,,
reddeadredemption,281,games,,,,,
soccer,281,sports,,,,,
HighQualityGifs,280,digital media,,,,,
phoenix,280,regional,,,,,
movies,280,television movie,,,,,
australia,280,regional,,,,,
FlashTV,280,television movie,,,,,
HumansBeingBros,279,emotive,,,,,
Unexpected,279,emotive,,,,,
delusionalartists,279,emotive,,,,,
ToolBand,278,identity,,,,,
Kanye,278,identity,,,,,
MMA,277,sports,,,,,
sex,277,relationship,,,,,
minnesota,276,regional,,,,,
gifs,276,digital media,,,,,
youtubehaiku,275,digital media,,,,,
disneyvacation,274,emotive,,This is not about actual vacations to Disneyland or Disneyworld.,,,
Portland,273,regional,,,,,
vancouver,273,regional,,,,,
LigaMX,272,sports,,,,,
GoNets,272,sports,,,,,
brisbane,271,regional,,,,,
Justfuckmyshitup,271,emotive,,,,,
benzodiazepines,271,drugs,,,,,
netflix,269,television movie,,,,,
television movie,269,television movie,,,,,
vegancirclejerk,268,identity,,,,,
FrankOcean,268,identity,,,,,
aznidentity,267,identity,,,,,
weed,267,discussion,,,,,
gunpolitics,265,politics,,,,,
britishproblems,264,regional,,,,,
muacirclejerk,264,identity,,,,,
Drugs,264,discussion,,,,,
melbourne,264,regional,,,,,
StreetFighter,263,games,,,,,
SandersForPresident,263,politics,,,,,
RedDeadOnline,263,games,,,,,
circlejerk,262,discussion,,,,,
CanadaPolitics,262,politics,,,,,
ATBGE,261,emotive,,,,,
Competitiveoverwatch,261,games,,,,,
NewOrleans,261,regional,,,,,
The_Donald,260,politics,,,,,
whitepeoplegifs,260,digital media,,,,,
MortalKombat,260,games,,,,,
mildlyinfuriating,260,emotive,,,,,
WouldYouRather,258,discussion,,,,,
dogswithjobs,257,emotive,,,,,
BetterEveryLoop,253,digital media,,,,,
Smite,253,games,,,,,
riverdale,252,television movie,,,,,
pics,251,digital media,,,,,
perth,250,regional,,,,,
PUBGXboxOne,250,games,,,,,
StarWarsBattlefront,250,games,,,,,
OverwatchUniversity,249,games,,,,,
sugarlifestyleforum,249,relationship,,,,,
TwoBestFriendsPlay,249,games,,,,,
RoastMe,248,discussion,,,,,
LosAngeles,248,regional,,,,,
CODZombies,248,games,,,,,
RWBY,248,television movie,,,,,
Denver,247,regional,,,,,
dayz,247,games,,,,,
belgium,246,regional,,,,,
canadients,244,identity,,,,,
Edmonton,244,regional,,,,,
sportsbook,244,sports,,,,,
COMPLETEANARCHY,243,NaN,,"Banned, ""unmoderated""",,,
nursing,243,identity,,"subreddit for nurses, discussion?",,,
nottheonion,243,discussion,,,,,
im14andthisisdeep,242,emotive,,,,,
Habs,241,sports,,,,,
Brawlhalla,240,games,,,,,
AFL,239,sports,,,,,
masseffect,238,games,,,,,
TownofSalemgame,235,games,,,,,
PoliticalDiscussion,235,politics,,political discussion,,,
woooosh,235,emotive,,,,,
Tekken,235,games,,,,,
Paladins,234,games,,,,,
Calgary,233,regional,,,,,
toronto,230,regional,,,,,
meirl,230,discussion,,,,,
fireemblem,230,games,,,,,
sanfrancisco,229,regional,,,,,
Barca,228,sports,,,,,
penguins,228,sports,,,,,
leagueoflegends,228,games,,,,,
poker,228,games,,,,,
ethtrader,227,finance,,,,,
WWE,227,sports,,wrestling,,,
thalassophobia,226,emotive,,,,,
discussion,224,discussion,,,,,
korea,223,regional,,,,,
AirForce,221,identity,,,,,
Padres,220,sports,,,,,
ABoringDystopia,219,emotive,,,,,
fantasyfootball,218,sports,,,,,
moviescirclejerk,218,television movie,,,,,
slatestarcodex,217,discussion,,,,,
Instagramreality,216,emotive,,,,,
Braves,214,sports,,,,,
nattyorjuice,214,emotive,,,,,
entp,213,identity,,,,,
collapse,212,discussion,,economic / environmental decline and collapse,,,
walmart,209,identity,,,,,
CryptoCurrency,208,finance,,,,,
DomesticGirlfriend,206,television movie,,,,,
Detroit,206,regional,,,,,
winnipegjets,205,sports,,,,,
Truckers,203,identity,,,,,
rugbyunion,199,sports,,,,,
askcarsales,199,identity,,discussion by car salesmen,,,
pcgaming,198,games,,,,,
nashville,197,regional,,,,,
nyc,196,regional,,,,,
jobs,196,discussion,,,,,
GlobalOffensive,195,games,,,,,
Dallas,194,regional,,,,,
Flipping,187,finance,,,,,
InstacartShoppers,186,identity,,,,,
weezer,186,discussion,,,,,
uberdrivers,185,identity,,,,,
Futurology,178,discussion,,news about near-future technology,,,
MLBTheShow,170,games,,,,,
GCdebatesQT,169,NaN,,"Banned, ""promoting hate""",,,
lostredditors,169,discussion,,subreddit about users in wrong subreddits,,,
LateStageCapitalism,163,politics,,emotive? Reacting to current economic situation,,,
OttawaSenators,162,sports,,,,,
DevilMayCry,153,games,,,,,
TeamSolomid,149,games,,,,,
canes,144,sports,,,,,
darknet,134,discussion,,,,,
hawks,130,sports,,,,,
Anticonsumption,125,discussion,,lifestyle?,,,
SSBM,125,games,,,,,
shieldbro,109,television movie,,,,,
farcry,87,games,,,,,
